BusinessName,Rating,NumberOfReviews,Category,Address,Phone,Close,Website,GoogleReviewsLink,Industry,Location
N/A,N/A,N/A,N/A,N/A,N/A,N/A,N/A,N/A,Roofing,30002
N/A,N/A,N/A,N/A,N/A,N/A,N/A,N/A,N/A,Roofing,30002
Atlanta Expert Roofing Solutions,5.0,(66),Roofing contractor,N/A,·(404) 382-7707,Open⋅ Closes 7 PM,N/A,https://www.google.com/maps/place/Atlanta+Expert+Roofing+Solutions/data=!4m7!3m6!1s0x88f5037f883b5baf:0xb3c286c605397dbc!8m2!3d33.80156!4d-84.2575613!16s%2Fg%2F11qy83sbqk!19sChIJr1s7iH8D9YgRvH05BcaGwrM?authuser=0&hl=en&rclk=1,Roofing,30002
N/A,N/A,N/A,N/A,N/A,N/A,N/A,N/A,N/A,Roofing,30002
Vargas & Sons Roof Repair,4.7,(44),Roofing contractor,N/A,·(470) 837-7700,Open 24 hours,N/A,https://www.google.com/maps/place/Vargas+%26+Sons+Roof+Repair/data=!4m7!3m6!1s0x88f5a95202543cc7:0xf88a2a2fbbd9a922!8m2!3d33.7979866!4d-84.2537999!16s%2Fg%2F11y4b0t8kp!19sChIJxzxUAlKp9YgRIqnZuy8qivg?authuser=0&hl=en&rclk=1,Roofing,30002
N/A,N/A,N/A,N/A,N/A,N/A,N/A,N/A,N/A,Roofing,30002
DeKalb Roofing Company,3.9,(31),Roofing contractor,N/A,·(404) 288-5728,Open⋅ Closes 4 PM,N/A,https://www.google.com/maps/place/DeKalb+Roofing+Company/data=!4m7!3m6!1s0x88f5a988a772d741:0xab45cd205a58c055!8m2!3d33.7551813!4d-84.2376531!16s%2Fg%2F1vcl4lzw!19sChIJQddyp4ip9YgRVcBYWiDNRas?authuser=0&hl=en&rclk=1,Roofing,30002
N/A,N/A,N/A,N/A,N/A,N/A,N/A,N/A,N/A,Roofing,30002
Rivera Brothers Roofing & Construction,4.8,(37),Roofing contractor,N/A,·(470) 400-0049,Open 24 hours,N/A,https://www.google.com/maps/place/Rivera+Brothers+Roofing+%26+Construction/data=!4m7!3m6!1s0x88f5076cf4763d49:0xbda1c5a9435a583d!8m2!3d33.7990254!4d-84.2796146!16s%2Fg%2F11y4l8rqqh!19sChIJST129GwH9YgRPVhaQ6nFob0?authuser=0&hl=en&rclk=1,Roofing,30002
N/A,N/A,N/A,N/A,N/A,N/A,N/A,N/A,N/A,Roofing,30002
Intown Roofing,4.8,(16),Roofing contractor,N/A,·(404) 858-1008,Open⋅ Closes 5 PM,N/A,https://www.google.com/maps/place/Intown+Roofing/data=!4m7!3m6!1s0x88f50799283bb9d5:0x3989e82250b67995!8m2!3d33.7936519!4d-84.2921656!16s%2Fg%2F11hbph77r8!19sChIJ1bk7KJkH9YgRlXm2UCLoiTk?authuser=0&hl=en&rclk=1,Roofing,30002
N/A,N/A,N/A,N/A,N/A,N/A,N/A,N/A,N/A,Roofing,30002
"GR Roofing Atlanta, LLC",5.0,(30),Roofing contractor,N/A,·(678) 237-5675,Open⋅ Closes 9:30 PM,N/A,"https://www.google.com/maps/place/GR+Roofing+Atlanta,+LLC/data=!4m7!3m6!1s0x88f5a97ccd1a79ff:0xa29cf587145d12f!8m2!3d33.831351!4d-84.26565!16s%2Fg%2F11mhnd4_kt!19sChIJ_3kazXyp9YgRL9FFcVjPKQo?authuser=0&hl=en&rclk=1",Roofing,30002
N/A,N/A,N/A,N/A,N/A,N/A,N/A,N/A,N/A,Roofing,30002
Verde's Contractors,5.0,(30),Roofing contractor,N/A,·(404) 884-8191,Open⋅ Closes 6 PM,N/A,https://www.google.com/maps/place/Verde%27s+Contractors/data=!4m7!3m6!1s0x4a4ddf8cf9666d1b:0x31a430858ef51db3!8m2!3d33.7758807!4d-84.2952216!16s%2Fg%2F11t_rsd19r!19sChIJG21m-YzfTUoRsx31joUwpDE?authuser=0&hl=en&rclk=1,Roofing,30002
N/A,N/A,N/A,N/A,N/A,N/A,N/A,N/A,N/A,Roofing,30002
Rapid Roofers,4.6,(21),Roofing contractor,N/A,·(770) 786-2056,Open 24 hours,N/A,https://www.google.com/maps/place/Rapid+Roofers/data=!4m7!3m6!1s0x88f500c99935ad9b:0x65d2ea7491e7984b!8m2!3d33.747436!4d-84.293366!16s%2Fg%2F11csb0kw83!19sChIJm601mckA9YgRS5jnkXTq0mU?authuser=0&hl=en&rclk=1,Roofing,30002
N/A,N/A,N/A,N/A,N/A,N/A,N/A,N/A,N/A,Roofing,30002
Bell Roofing,4.8,(453),Roofing contractor,N/A,·(404) 874-7663,Open⋅ Closes 5 PM,N/A,https://www.google.com/maps/place/Bell+Roofing/data=!4m7!3m6!1s0x88f5045300000001:0xf10857e44ba05c29!8m2!3d33.8265284!4d-84.3304983!16s%2Fg%2F1tcx2c5b!19sChIJAQAAAFME9YgRKVygS-RXCPE?authuser=0&hl=en&rclk=1,Roofing,30002
N/A,N/A,N/A,N/A,N/A,N/A,N/A,N/A,N/A,Roofing,30002
GA Prime Roofing,5.0,(12),Construction company,N/A,·(470) 755-6281,Open 24 hours,N/A,https://www.google.com/maps/place/GA+Prime+Roofing/data=!4m7!3m6!1s0xa734ae8c62e6d79f:0x5ad88ed8484163e!8m2!3d38.6181289!4d-86.542154!16s%2Fg%2F11y4q8m9vj!19sChIJn9fmYoyuNKcRPhaEhO2IrQU?authuser=0&hl=en&rclk=1,Roofing,30002
N/A,N/A,N/A,N/A,N/A,N/A,N/A,N/A,N/A,Roofing,30002
Advanced Commercial Roofing,5.0,(21),Roofing contractor,N/A,·(404) 449-8109,Open 24 hours,N/A,https://www.google.com/maps/place/Advanced+Commercial+Roofing/data=!4m7!3m6!1s0x88f5a729246e0d2d:0x5b4e3d8e37ad5997!8m2!3d34.1162015!4d-84.5657515!16s%2Fg%2F11h22hz744!19sChIJLQ1uJCmn9YgRl1mtN449Tls?authuser=0&hl=en&rclk=1,Roofing,30002
N/A,N/A,N/A,N/A,N/A,N/A,N/A,N/A,N/A,Roofing,30002
The Roof Pros,5.0,(1),Roofing contractor,N/A,·(678) 853-7114,Open 24 hours,N/A,https://www.google.com/maps/place/The+Roof+Pros/data=!4m7!3m6!1s0x88f5079c10b02cb7:0x26fda933ac150420!8m2!3d33.7927976!4d-84.186957!16s%2Fg%2F11f5tbj05z!19sChIJtyywEJwH9YgRIAQVrDOp_SY?authuser=0&hl=en&rclk=1,Roofing,30002
N/A,N/A,N/A,N/A,N/A,N/A,N/A,N/A,N/A,Roofing,30002
Palace Roofing Restoration & Gutters,4.9,(78),Roofing contractor,N/A,·(678) 665-1060,Open⋅ Closes 5 PM,N/A,https://www.google.com/maps/place/Palace+Roofing+Restoration+%26+Gutters/data=!4m7!3m6!1s0x88f50bf8eb9a02c9:0x1ad77a5cfaec0012!8m2!3d33.8836625!4d-84.3242735!16s%2Fg%2F1pzthwm9y!19sChIJyQKa6_gL9YgREgDs-lx61xo?authuser=0&hl=en&rclk=1,Roofing,30002
N/A,N/A,N/A,N/A,N/A,N/A,N/A,N/A,N/A,Roofing,30002
ARC Roofing LLC,5.0,(1),Roofing contractor,N/A,·(404) 632-3520,Open⋅ Closes 7 PM,N/A,https://www.google.com/maps/place/ARC+Roofing+LLC/data=!4m7!3m6!1s0x5caa3e5e69780f7:0xbf9493cf7d5f5f24!8m2!3d32.6331075!4d-83.4545599!16s%2Fg%2F11wpks7zkq!19sChIJ94CX5uWjygURJF9ffc-TlL8?authuser=0&hl=en&rclk=1,Roofing,30002
N/A,N/A,N/A,N/A,N/A,N/A,N/A,N/A,N/A,Roofing,30002
ATLIEN ROOFING & RESTORATION LLC,5.0,(4),Roofing contractor,N/A,·(404) 723-0284,Open⋅ Closes 6 PM,N/A,https://www.google.com/maps/place/ATLIEN+ROOFING+%26+RESTORATION+LLC/data=!4m7!3m6!1s0x6c80d76981fd9017:0xd039babbb69bd937!8m2!3d33.9076155!4d-84.610478!16s%2Fg%2F11rzhyz5zv!19sChIJF5D9gWnXgGwRN9mbtru6OdA?authuser=0&hl=en&rclk=1,Roofing,30002
N/A,N/A,N/A,N/A,N/A,N/A,N/A,N/A,N/A,Roofing,30002
SRC- Select Roofing Consultants,3.9,(7),Roofing contractor,N/A,·(404) 863-2598,Open⋅ Closes 6 PM,N/A,https://www.google.com/maps/place/SRC-+Select+Roofing+Consultants/data=!4m7!3m6!1s0x88f5aa196b02fad3:0x605afa1bfdccc64c!8m2!3d33.7454297!4d-84.2529906!16s%2Fg%2F1ydpvcd16!19sChIJ0_oCaxmq9YgRTMbM_Rv6WmA?authuser=0&hl=en&rclk=1,Roofing,30002
N/A,N/A,N/A,N/A,N/A,N/A,N/A,N/A,N/A,Roofing,30002
"RST Roofing and Renovations, LLC",4.9,(88),Roofing contractor,N/A,·(404) 548-8901,Open 24 hours,N/A,"https://www.google.com/maps/place/RST+Roofing+and+Renovations,+LLC/data=!4m7!3m6!1s0x88f5071d58d8e231:0x2ff7523cc7cdda82!8m2!3d33.8419797!4d-84.2645671!16s%2Fg%2F11h5vcspnc!19sChIJMeLYWB0H9YgRgtrNxzxS9y8?authuser=0&hl=en&rclk=1",Roofing,30002
N/A,N/A,N/A,N/A,N/A,N/A,N/A,N/A,N/A,Roofing,30002
"Reasonable Roofing, LLC",5.0,(62),Roofing contractor,N/A,·(770) 569-3478,Open⋅ Closes 6 PM,N/A,"https://www.google.com/maps/place/Reasonable+Roofing,+LLC/data=!4m7!3m6!1s0x88f5a75afc75c729:0x983b4d35c0e3cc1c!8m2!3d32.67853!4d-83.1940624!16s%2Fg%2F11lh4zg2ml!19sChIJKcd1_Fqn9YgRHMzjwDVNO5g?authuser=0&hl=en&rclk=1",Roofing,30002
N/A,N/A,N/A,N/A,N/A,N/A,N/A,N/A,N/A,Roofing,30002
"LPZ ROOFING, LLC",4.8,(84),Roofing contractor,N/A,·(770) 934-2877,Open⋅ Closes 6 PM,N/A,"https://www.google.com/maps/place/LPZ+ROOFING,+LLC/data=!4m7!3m6!1s0xc9342a429baccd:0xd594ee53d7f72888!8m2!3d33.731282!4d-84.3278884!16s%2Fg%2F11sqkjq3m_!19sChIJzaybQio0yQARiCj311PulNU?authuser=0&hl=en&rclk=1",Roofing,30002
N/A,N/A,N/A,N/A,N/A,N/A,N/A,N/A,N/A,Roofing,30002
Roberts Roofing and Restoration,4.2,(26),Roofing contractor,N/A,·(404) 378-9791,Open⋅ Closes 5:30 PM,N/A,https://www.google.com/maps/place/Roberts+Roofing+and+Restoration/data=!4m7!3m6!1s0x88f5016587003db3:0x8367c16deaddd780!8m2!3d33.7311253!4d-84.3417681!16s%2Fg%2F11c5x7b964!19sChIJsz0Ah2UB9YgRgNfd6m3BZ4M?authuser=0&hl=en&rclk=1,Roofing,30002
N/A,N/A,N/A,N/A,N/A,N/A,N/A,N/A,N/A,Roofing,30002
Premier Roofing Company,4.6,(20),Roofing contractor,N/A,·(470) 713-7663,Open⋅ Closes 5 PM,N/A,https://www.google.com/maps/place/Premier+Roofing+Company/data=!4m7!3m6!1s0x88f56b491d1719c9:0xbb264cb598c21821!8m2!3d33.8383469!4d-84.3244158!16s%2Fg%2F11t6z338yn!19sChIJyRkXHUlr9YgRIRjCmLVMJrs?authuser=0&hl=en&rclk=1,Roofing,30002
N/A,N/A,N/A,N/A,N/A,N/A,N/A,N/A,N/A,Roofing,30002
LB Roofing and Construction,4.6,(44),Roofing contractor,N/A,·(404) 875-6222,Open⋅ Closes 6 PM,N/A,https://www.google.com/maps/place/LB+Roofing+and+Construction/data=!4m7!3m6!1s0x88f5041933b6ef33:0xedfa7860729b32c8!8m2!3d34.0467716!4d-84.3373885!16s%2Fg%2F1w1130dr!19sChIJM--2MxkE9YgRyDKbcmB4-u0?authuser=0&hl=en&rclk=1,Roofing,30002
N/A,N/A,N/A,N/A,N/A,N/A,N/A,N/A,N/A,Roofing,30002
Palace Roofing Restoration & Gutters,4.3,(6),Roofing contractor,N/A,·(678) 665-1060,Open⋅ Closes 5 PM,N/A,https://www.google.com/maps/place/Palace+Roofing+Restoration+%26+Gutters/data=!4m7!3m6!1s0x88f5a92c073ff045:0x4491e38e91eff5b9!8m2!3d33.850256!4d-84.194628!16s%2Fg%2F11fw4d27pd!19sChIJRfA_Byyp9YgRufXvkY7jkUQ?authuser=0&hl=en&rclk=1,Roofing,30002
N/A,N/A,N/A,N/A,N/A,N/A,N/A,N/A,N/A,Roofing,30002
Complete Precision Roofing LLC,5.0,(42),Roofing contractor,N/A,·(478) 215-4354,Open⋅ Closes 6 PM,N/A,https://www.google.com/maps/place/Complete+Precision+Roofing+LLC/data=!4m7!3m6!1s0x2ea68c00352bd1cf:0x9b8ab1b9e44e1842!8m2!3d32.67853!4d-83.1940624!16s%2Fg%2F11p6twrldf!19sChIJz9ErNQCMpi4RQhhO5Lmxips?authuser=0&hl=en&rclk=1,Roofing,30002
N/A,N/A,N/A,N/A,N/A,N/A,N/A,N/A,N/A,Roofing,30002
N/A,N/A,N/A,N/A,N/A,N/A,N/A,N/A,N/A,Roofing,30003
N/A,N/A,N/A,N/A,N/A,N/A,N/A,N/A,N/A,Roofing,30003
Hive Roofing,5.0,(69),Roofing contractor,N/A,·(888) 345-4483,Open 24 hours,N/A,https://www.google.com/maps/place/Hive+Roofing/data=!4m7!3m6!1s0x6e56ad0bf6a10a07:0xd0b98e15519b1899!8m2!3d33.946415!4d-84.2289126!16s%2Fg%2F11p5mhmttd!19sChIJBwqh9gutVm4RmRibURWOudA?authuser=0&hl=en&rclk=1,Roofing,30003
N/A,N/A,N/A,N/A,N/A,N/A,N/A,N/A,N/A,Roofing,30003
Georgia's Best Roofer,4.9,(214),Roofing contractor,·6000 Dawson Blvd Suite B,·(404) 484-4658,Open 24 hours,N/A,https://www.google.com/maps/place/Georgia%27s+Best+Roofer/data=!4m7!3m6!1s0x88f5a788c3f536cb:0x6fe83ceb33158c8e!8m2!3d33.9069439!4d-84.2075817!16s%2Fg%2F11s0vd4b9c!19sChIJyzb1w4in9YgRjowVM-s86G8?authuser=0&hl=en&rclk=1,Roofing,30003
N/A,N/A,N/A,N/A,N/A,N/A,N/A,N/A,N/A,Roofing,30003
Best Choice Roofing,4.4,(253),Roofing contractor,N/A,·(770) 874-8785,Open⋅ Closes 5 PM,N/A,https://www.google.com/maps/place/Best+Choice+Roofing/data=!4m7!3m6!1s0x88f5117327d14b79:0x1f40480135df80c4!8m2!3d33.9201662!4d-84.187003!16s%2Fg%2F1v4k7bv0!19sChIJeUvRJ3MR9YgRxIDfNQFIQB8?authuser=0&hl=en&rclk=1,Roofing,30003
N/A,N/A,N/A,N/A,N/A,N/A,N/A,N/A,N/A,Roofing,30003
Roof Management Inc.,4.4,(14),Roofing contractor,·2775 Pacific Dr,·(770) 798-9102,Open⋅ Closes 6 PM,N/A,https://www.google.com/maps/place/Roof+Management+Inc./data=!4m7!3m6!1s0x88f5a129d4ffffff:0xefe1bdbe81043911!8m2!3d33.9373096!4d-84.2278155!16s%2Fg%2F11hczdzzjz!19sChIJ____1Cmh9YgRETkEgb694e8?authuser=0&hl=en&rclk=1,Roofing,30003
N/A,N/A,N/A,N/A,N/A,N/A,N/A,N/A,N/A,Roofing,30003
Arise Roofing & Restoration,5.0,(74),Roofing contractor,N/A,·(844) 600-9697,Open⋅ Closes 6 PM,N/A,https://www.google.com/maps/place/Arise+Roofing+%26+Restoration/data=!4m7!3m6!1s0x88f5b9810f68eba9:0x36a61f1bb30c93d2!8m2!3d33.9341277!4d-84.2218467!16s%2Fg%2F11hd6lfgld!19sChIJqetoD4G59YgR0pMMsxsfpjY?authuser=0&hl=en&rclk=1,Roofing,30003
N/A,N/A,N/A,N/A,N/A,N/A,N/A,N/A,N/A,Roofing,30003
GA Premium Roofing Inc,4.7,(165),Roofing contractor,N/A,·(770) 559-1503,Open⋅ Closes 5 PM,N/A,https://www.google.com/maps/place/GA+Premium+Roofing+Inc/data=!4m7!3m6!1s0x88f5a0e4d2ff3825:0x2076dd25df5d57d!8m2!3d33.9630086!4d-84.2354569!16s%2Fg%2F11c1vmtjt9!19sChIJJTj_0uSg9YgRfdX1XdJtBwI?authuser=0&hl=en&rclk=1,Roofing,30003
N/A,N/A,N/A,N/A,N/A,N/A,N/A,N/A,N/A,Roofing,30003
Roof Land GA,5.0,(25),Roofing contractor,N/A,·(470) 570-5337,Open⋅ Closes 9 PM,N/A,https://www.google.com/maps/place/Roof+Land+GA/data=!4m7!3m6!1s0xda965763df1278d:0x3665f73be8379be3!8m2!3d33.7673845!4d-84.420207!16s%2Fg%2F11w3mm1z03!19sChIJjSfxPXZlqQ0R45s36Dv3ZTY?authuser=0&hl=en&rclk=1,Roofing,30003
N/A,N/A,N/A,N/A,N/A,N/A,N/A,N/A,N/A,Roofing,30003
"Pro Roofing Contractor USA, LLC",4.7,(55),Roofing contractor,N/A,·(404) 642-5701,Open⋅ Closes 7 PM,N/A,"https://www.google.com/maps/place/Pro+Roofing+Contractor+USA,+LLC/data=!4m7!3m6!1s0x88f5bd4a0ad86777:0x8d231f6439a2ac96!8m2!3d33.9218872!4d-84.1680159!16s%2Fg%2F11qmqpyh98!19sChIJd2fYCkq99YgRlqyiOWQfI40?authuser=0&hl=en&rclk=1",Roofing,30003
N/A,N/A,N/A,N/A,N/A,N/A,N/A,N/A,N/A,Roofing,30003
N/A,N/A,N/A,N/A,N/A,N/A,N/A,N/A,N/A,Roofing,30004
N/A,N/A,N/A,N/A,N/A,N/A,N/A,N/A,N/A,Roofing,30004
Rackley Roofing & Supply Inc,4.9,(134),Roofing contractor,N/A,·(770) 771-8802,Open⋅ Closes 7 PM,N/A,https://www.google.com/maps/place/Rackley+Roofing+%26+Supply+Inc/data=!4m7!3m6!1s0x88f59dbc6c2d4131:0x8123ed9f6123a294!8m2!3d34.1370364!4d-84.2446211!16s%2Fg%2F11b6gcvmp1!19sChIJMUEtbLyd9YgRlKIjYZ_tI4E?authuser=0&hl=en&rclk=1,Roofing,30004
N/A,N/A,N/A,N/A,N/A,N/A,N/A,N/A,N/A,Roofing,30004
Rock House Roofing,4.9,(178),Roofing contractor,N/A,·(770) 655-8234,Open 24 hours,N/A,https://www.google.com/maps/place/Rock+House+Roofing/data=!4m7!3m6!1s0x88f57594768beb6d:0x50328f24953a0af2!8m2!3d34.0879565!4d-84.3397849!16s%2Fg%2F11h5rtx16z!19sChIJbeuLdpR19YgR8go6lSSPMlA?authuser=0&hl=en&rclk=1,Roofing,30004
N/A,N/A,N/A,N/A,N/A,N/A,N/A,N/A,N/A,Roofing,30004
Mighty Dog Roofing,5.0,(144),Roofing contractor,N/A,·(770) 824-9212,Open⋅ Closes 7 PM,N/A,https://www.google.com/maps/place/Mighty+Dog+Roofing/data=!4m7!3m6!1s0x88f5754e22159b65:0xca76e84365319c5f!8m2!3d34.0895318!4d-84.2707619!16s%2Fg%2F11rcyjn44v!19sChIJZZsVIk519YgRX5wxZUPodso?authuser=0&hl=en&rclk=1,Roofing,30004
N/A,N/A,N/A,N/A,N/A,N/A,N/A,N/A,N/A,Roofing,30004
Bird's Eye Roofing Company,4.9,(306),Roofing contractor,·44 Milton Ave Suite #100,·(770) 744-3358,Open⋅ Closes 5:30 PM,N/A,https://www.google.com/maps/place/Bird%27s+Eye+Roofing+Company/data=!4m7!3m6!1s0x88f57547dd59409b:0x500d76a8ccec171c!8m2!3d34.0754416!4d-84.2959691!16s%2Fg%2F11g6vgbqmg!19sChIJm0BZ3Ud19YgRHBfszKh2DVA?authuser=0&hl=en&rclk=1,Roofing,30004
N/A,N/A,N/A,N/A,N/A,N/A,N/A,N/A,N/A,Roofing,30004
Emergency Roofing Solutions,4.8,(207),Roofing contractor,·2440 Old Milton Pkwy # 300,·(678) 846-6535,Open 24 hours,N/A,https://www.google.com/maps/place/Emergency+Roofing+Solutions/data=!4m7!3m6!1s0x88f5a7eee912a917:0x6b887b58b5c7b1a8!8m2!3d34.0709775!4d-84.2886684!16s%2Fg%2F11q1d0m37g!19sChIJF6kS6e6n9YgRqLHHtVh7iGs?authuser=0&hl=en&rclk=1,Roofing,30004
N/A,N/A,N/A,N/A,N/A,N/A,N/A,N/A,N/A,Roofing,30004
Atlanta Metro Roofing,5.0,(137),Roofing contractor,N/A,·(770) 220-7263,Open⋅ Closes 5 PM,N/A,https://www.google.com/maps/place/Atlanta+Metro+Roofing/data=!4m7!3m6!1s0x88f57455994bfb47:0x16fb49099840c436!8m2!3d34.0676928!4d-84.3151027!16s%2Fg%2F1hc3y0pv3!19sChIJR_tLmVV09YgRNsRAmAlJ-xY?authuser=0&hl=en&rclk=1,Roofing,30004
N/A,N/A,N/A,N/A,N/A,N/A,N/A,N/A,N/A,Roofing,30004
Roof Maxx of Atlanta Georgia,5.0,(27),Roofing contractor,N/A,·(470) 450-7663,Open 24 hours,N/A,https://www.google.com/maps/place/Roof+Maxx+of+Atlanta+Georgia/data=!4m7!3m6!1s0x40a805e2e978e957:0x459e028abde51392!8m2!3d33.731282!4d-84.3137204!16s%2Fg%2F11x036w3vl!19sChIJV-l46eIFqEARkhPlvYoCnkU?authuser=0&hl=en&rclk=1,Roofing,30004
N/A,N/A,N/A,N/A,N/A,N/A,N/A,N/A,N/A,Roofing,30004
Guaranteed Roof,4.7,(104),Roofing contractor,N/A,·(470) 470-9655,Open 24 hours,N/A,https://www.google.com/maps/place/Guaranteed+Roof/data=!4m7!3m6!1s0x88f59d72c985a117:0xfde39a61458a47dc!8m2!3d34.126448!4d-84.2395488!16s%2Fg%2F11jsp4n6kn!19sChIJF6GFyXKd9YgR3EeKRWGa4_0?authuser=0&hl=en&rclk=1,Roofing,30004
N/A,N/A,N/A,N/A,N/A,N/A,N/A,N/A,N/A,Roofing,30004
N/A,N/A,N/A,N/A,N/A,N/A,N/A,N/A,N/A,Roofing,30005
N/A,N/A,N/A,N/A,N/A,N/A,N/A,N/A,N/A,Roofing,30005
"United Contracting and Roofing - Alpharetta, Georgia",5.0,(222),Roofing contractor,N/A,·(770) 829-0166,Open⋅ Closes 4:30 PM,N/A,"https://www.google.com/maps/place/United+Contracting+and+Roofing+-+Alpharetta,+Georgia/data=!4m7!3m6!1s0x88f59dab0ac7f87b:0x43ca5cf95643a459!8m2!3d34.1206333!4d-84.2027473!16s%2Fg%2F11twr8q67l!19sChIJe_jHCqud9YgRWaRDVvlcykM?authuser=0&hl=en&rclk=1",Roofing,30005
N/A,N/A,N/A,N/A,N/A,N/A,N/A,N/A,N/A,Roofing,30005
Atlanta's Best Roofing and Restoration,5.0,(85),Roofing contractor,N/A,·(770) 772-0663,Open⋅ Closes 5 PM,N/A,https://www.google.com/maps/place/Atlanta%27s+Best+Roofing+and+Restoration/data=!4m7!3m6!1s0xa6dc79c64b62f0f9:0xeb01f7b010bd648!8m2!3d34.0916639!4d-84.1986248!16s%2Fg%2F11t7qkts45!19sChIJ-fBiS8Z53KYRSNYLAXsfsA4?authuser=0&hl=en&rclk=1,Roofing,30005
N/A,N/A,N/A,N/A,N/A,N/A,N/A,N/A,N/A,Roofing,30005
Mr. Roofer of Alpharetta,4.7,(21),Roofing contractor,N/A,·(770) 983-6729,Open⋅ Closes 5 PM,N/A,https://www.google.com/maps/place/Mr.+Roofer+of+Alpharetta/data=!4m7!3m6!1s0x88f575650420b619:0x795e69761090bc84!8m2!3d34.0512088!4d-84.2783248!16s%2Fg%2F1ydpv9nvq!19sChIJGbYgBGV19YgRhLyQEHZpXnk?authuser=0&hl=en&rclk=1,Roofing,30005
N/A,N/A,N/A,N/A,N/A,N/A,N/A,N/A,N/A,Roofing,30005
Mighty Dog Roofing,5.0,(144),Roofing contractor,N/A,·(770) 824-9212,Open⋅ Closes 7 PM,N/A,https://www.google.com/maps/place/Mighty+Dog+Roofing/data=!4m7!3m6!1s0x88f5754e22159b65:0xca76e84365319c5f!8m2!3d34.0895318!4d-84.2707619!16s%2Fg%2F11rcyjn44v!19sChIJZZsVIk519YgRX5wxZUPodso?authuser=0&hl=en&rclk=1,Roofing,30005
N/A,N/A,N/A,N/A,N/A,N/A,N/A,N/A,N/A,Roofing,30005
Perimeter Roofing Alpharetta,4.7,(133),Roofing contractor,N/A,·(770) 501-7234,Open⋅ Closes 6 PM,N/A,https://www.google.com/maps/place/Perimeter+Roofing+Alpharetta/data=!4m7!3m6!1s0x88f57523cc4dd54d:0x9e6444bb9aac44ae!8m2!3d34.0704429!4d-84.2742149!16s%2Fg%2F11f75qd6rj!19sChIJTdVNzCN19YgRrkSsmrtEZJ4?authuser=0&hl=en&rclk=1,Roofing,30005
N/A,N/A,N/A,N/A,N/A,N/A,N/A,N/A,N/A,Roofing,30005
Veteran's Roofing Company,4.3,(81),Roofing contractor,·5490 McGinnis Village Pl Suite 140,·(404) 407-5000,Open⋅ Closes 5 PM,N/A,https://www.google.com/maps/place/Veteran%27s+Roofing+Company/data=!4m7!3m6!1s0x88f59fa57bf0fee5:0x2a839dadfe9762fc!8m2!3d34.0916639!4d-84.1986248!16s%2Fg%2F11r1rz4w9g!19sChIJ5f7we6Wf9YgR_GKX_q2dgyo?authuser=0&hl=en&rclk=1,Roofing,30005
N/A,N/A,N/A,N/A,N/A,N/A,N/A,N/A,N/A,Roofing,30005
Roofing Magic Atlanta,5.0,(93),Roofing contractor,·1005 Alderman Dr Suite 107,·(404) 595-3905,Open⋅ Closes 6 PM,N/A,https://www.google.com/maps/place/Roofing+Magic+Atlanta/data=!4m7!3m6!1s0x819fd3e648637611:0x3bf3ace23967d120!8m2!3d34.0947997!4d-84.243438!16s%2Fg%2F11t9mlch77!19sChIJEXZjSObTn4ERINFnOeKs8zs?authuser=0&hl=en&rclk=1,Roofing,30005
N/A,N/A,N/A,N/A,N/A,N/A,N/A,N/A,N/A,Roofing,30005
"Georgia Roofing & Repair, Inc.",5.0,(67),Roofing contractor,·4555 Mansell Rd Suite 301,·(678) 639-7663,Open⋅ Closes 5 PM,N/A,"https://www.google.com/maps/place/Georgia+Roofing+%26+Repair,+Inc./data=!4m7!3m6!1s0x88f575da3673419f:0x70a1087eee1e35c0!8m2!3d34.0394852!4d-84.2880269!16s%2Fg%2F11h64w6fms!19sChIJn0FzNtp19YgRwDUe7n4IoXA?authuser=0&hl=en&rclk=1",Roofing,30005
N/A,N/A,N/A,N/A,N/A,N/A,N/A,N/A,N/A,Roofing,30005
N/A,N/A,N/A,N/A,N/A,N/A,N/A,N/A,N/A,Roofing,30006
N/A,N/A,N/A,N/A,N/A,N/A,N/A,N/A,N/A,Roofing,30006
King Roof Renovations,4.6,(203),Roofing contractor,·1165 Northchase Pkwy SE Suite 305,·(678) 644-5941,Open⋅ Closes 5 PM,N/A,https://www.google.com/maps/place/King+Roof+Renovations/data=!4m7!3m6!1s0x88f511d19c6722f5:0x82a5618980ce8884!8m2!3d33.9249757!4d-84.4805065!16s%2Fg%2F11f60ydhrg!19sChIJ9SJnnNER9YgRhIjOgIlhpYI?authuser=0&hl=en&rclk=1,Roofing,30006
N/A,N/A,N/A,N/A,N/A,N/A,N/A,N/A,N/A,Roofing,30006
Mr. Roofer of Marietta,4.9,(76),Roofing contractor,N/A,·(770) 983-6514,Open⋅ Closes 5 PM,N/A,https://www.google.com/maps/place/Mr.+Roofer+of+Marietta/data=!4m7!3m6!1s0x88f51107369dcd51:0xa4979849d94c573b!8m2!3d33.902012!4d-84.482423!16s%2Fg%2F1ptync6kv!19sChIJUc2dNgcR9YgRO1dM2UmYl6Q?authuser=0&hl=en&rclk=1,Roofing,30006
N/A,N/A,N/A,N/A,N/A,N/A,N/A,N/A,N/A,Roofing,30006
The Roof Gallery,4.6,(89),Roofing contractor,"·1395 South Marietta Pkwy SE Building 200, STE 203",·(770) 872-6543,Open⋅ Closes 6 PM,N/A,https://www.google.com/maps/place/The+Roof+Gallery/data=!4m7!3m6!1s0x2ecc98203a38354d:0x4ba4b1a8c5459a4f!8m2!3d33.9421687!4d-84.5135072!16s%2Fg%2F11pyyj8fyq!19sChIJTTU4OiCYzC4RT5pFxaixpEs?authuser=0&hl=en&rclk=1,Roofing,30006
N/A,N/A,N/A,N/A,N/A,N/A,N/A,N/A,N/A,Roofing,30006
Southern Roofing and Renovations,4.3,(22),Roofing contractor,N/A,·(678) 741-8927,Open⋅ Closes 5 PM,N/A,https://www.google.com/maps/place/Southern+Roofing+and+Renovations/data=!4m7!3m6!1s0x88f511eca9931bf7:0xbe190bc463aa5c68!8m2!3d33.9219935!4d-84.4869605!16s%2Fg%2F11pzfxpb8x!19sChIJ9xuTqewR9YgRaFyqY8QLGb4?authuser=0&hl=en&rclk=1,Roofing,30006
N/A,N/A,N/A,N/A,N/A,N/A,N/A,N/A,N/A,Roofing,30006
Roofing Done Wright,5.0,(447),Roofing contractor,N/A,·(678) 722-5050,Open⋅ Closes 6 PM,N/A,https://www.google.com/maps/place/Roofing+Done+Wright/data=!4m7!3m6!1s0x88f54d1b46191da3:0x17eb9d04af0c0db0!8m2!3d33.8907095!4d-84.469508!16s%2Fg%2F11j59_8v54!19sChIJox0ZRhtN9YgRsA0MrwSd6xc?authuser=0&hl=en&rclk=1,Roofing,30006
N/A,N/A,N/A,N/A,N/A,N/A,N/A,N/A,N/A,Roofing,30006
Clark Brothers Roofing,4.8,(25),Roofing contractor,N/A,·(470) 613-9333,Open 24 hours,N/A,https://www.google.com/maps/place/Clark+Brothers+Roofing/data=!4m7!3m6!1s0x88f51101f825cdb3:0xab3cecad02caa51e!8m2!3d33.9230252!4d-84.4699303!16s%2Fg%2F11vzqcx8_4!19sChIJs80l-AER9YgRHqXKAq3sPKs?authuser=0&hl=en&rclk=1,Roofing,30006
N/A,N/A,N/A,N/A,N/A,N/A,N/A,N/A,N/A,Roofing,30006
Atlanta Top Quality Roofing,5.0,(9),Roofing contractor,N/A,·(678) 349-4877,Open⋅ Closes 6 PM,N/A,https://www.google.com/maps/place/Atlanta+Top+Quality+Roofing/data=!4m7!3m6!1s0x88f51151186d94c9:0xe373c7b8499e1fa4!8m2!3d33.9218734!4d-84.4786414!16s%2Fg%2F11k9l32n04!19sChIJyZRtGFER9YgRpB-eSbjHc-M?authuser=0&hl=en&rclk=1,Roofing,30006
N/A,N/A,N/A,N/A,N/A,N/A,N/A,N/A,N/A,Roofing,30006
Ridgeview Roofing Renovations,5.0,(22),Roofing contractor,N/A,·(678) 805-5670,Open⋅ Closes 6 PM,N/A,https://www.google.com/maps/place/Ridgeview+Roofing+Renovations/data=!4m7!3m6!1s0x88f5a547d2a520fb:0xd5e9366c76278a16!8m2!3d33.913437!4d-84.4740708!16s%2Fg%2F11hdrp7x8g!19sChIJ-yCl0kel9YgRFoondmw26dU?authuser=0&hl=en&rclk=1,Roofing,30006
N/A,N/A,N/A,N/A,N/A,N/A,N/A,N/A,N/A,Roofing,30006
Home Best Roofing,5.0,(123),Roofing contractor,N/A,·(470) 637-4000,Open⋅ Closes 8 PM,N/A,https://www.google.com/maps/place/Home+Best+Roofing/data=!4m7!3m6!1s0x88f5112afcecd393:0xe92668955050a815!8m2!3d33.8782239!4d-84.4924469!16s%2Fg%2F11rfnxf0wr!19sChIJk9Ps_CoR9YgRFahQUJVoJuk?authuser=0&hl=en&rclk=1,Roofing,30006
N/A,N/A,N/A,N/A,N/A,N/A,N/A,N/A,N/A,Roofing,30006
Erie Home,4.6,(74),Roofing contractor,N/A,·(470) 338-5503,Open 24 hours,N/A,https://www.google.com/maps/place/Erie+Home/data=!4m7!3m6!1s0x88f4e391a81e6e61:0x3e622bc638965ebc!8m2!3d33.9129467!4d-84.4904364!16s%2Fg%2F11rqlq_wfc!19sChIJYW4eqJHj9IgRvF6WOMYrYj4?authuser=0&hl=en&rclk=1,Roofing,30006
N/A,N/A,N/A,N/A,N/A,N/A,N/A,N/A,N/A,Roofing,30006
Marietta Roofing Company,4.7,(31),Roofing contractor,N/A,·(678) 427-1628,Open⋅ Closes 5 PM,N/A,https://www.google.com/maps/place/Marietta+Roofing+Company/data=!4m7!3m6!1s0x88f5165988fe7e25:0xb3f8dcc8149532f!8m2!3d33.8652774!4d-84.669935!16s%2Fg%2F11ckwypmj3!19sChIJJX7-iFkW9YgRL1NJgcyNPws?authuser=0&hl=en&rclk=1,Roofing,30006
N/A,N/A,N/A,N/A,N/A,N/A,N/A,N/A,N/A,Roofing,30006
The Roof Museum,5.0,(190),Roofing contractor,·1395 South Marietta Pkwy SE Bldg 200 Suite 203,·(844) 902-7663,Open⋅ Closes 4 PM,N/A,https://www.google.com/maps/place/The+Roof+Museum/data=!4m7!3m6!1s0x88f5112b46181f81:0x678de614bde2c5cf!8m2!3d33.9421581!4d-84.513507!16s%2Fg%2F11kbyhgd88!19sChIJgR8YRisR9YgRz8XivRTmjWc?authuser=0&hl=en&rclk=1,Roofing,30006
N/A,N/A,N/A,N/A,N/A,N/A,N/A,N/A,N/A,Roofing,30006
The New Roof,5.0,(74),Roofing contractor,N/A,·(470) 444-1018,Open 24 hours,N/A,https://www.google.com/maps/place/The+New+Roof/data=!4m7!3m6!1s0x21a0fdd8f1307a4b:0xd13d6e3ff5ce2230!8m2!3d33.8907095!4d-84.469508!16s%2Fg%2F11rv0n_0nk!19sChIJS3ow8dj9oCERMCLO9T9uPdE?authuser=0&hl=en&rclk=1,Roofing,30006
N/A,N/A,N/A,N/A,N/A,N/A,N/A,N/A,N/A,Roofing,30006
Roofs Up Georgia,5.0,(16),Roofing contractor,N/A,·(678) 373-8257,Open 24 hours,N/A,https://www.google.com/maps/place/Roofs+Up+Georgia/data=!4m7!3m6!1s0x4eb0142a8d783643:0x13db94b6eeff166a!8m2!3d33.8723095!4d-84.4256205!16s%2Fg%2F11s8g4v2g3!19sChIJQzZ4jSoUsE4Rahb_7raU2xM?authuser=0&hl=en&rclk=1,Roofing,30006
N/A,N/A,N/A,N/A,N/A,N/A,N/A,N/A,N/A,Roofing,30006
Aegis Roofing & Gutter In Marietta,5.0,(121),Roofing contractor,N/A,·(470) 357-3340,Open⋅ Closes 6 PM,N/A,https://www.google.com/maps/place/Aegis+Roofing+%26+Gutter+In+Marietta/data=!4m7!3m6!1s0x88f5110d322a8bf3:0x697a412d80768238!8m2!3d33.9359767!4d-84.4883542!16s%2Fg%2F11mgqgl9k0!19sChIJ84sqMg0R9YgROIJ2gC1Bemk?authuser=0&hl=en&rclk=1,Roofing,30006
N/A,N/A,N/A,N/A,N/A,N/A,N/A,N/A,N/A,Roofing,30006
Champion Contracting Roofing,4.8,(17),Roofing contractor,N/A,·(678) 404-0889,Open⋅ Closes 6 PM,N/A,https://www.google.com/maps/place/Champion+Contracting+Roofing/data=!4m7!3m6!1s0x88ab896eaced65af:0xd232c232c5f6a308!8m2!3d33.9239357!4d-84.4728!16s%2Fg%2F11vj1grd3p!19sChIJr2XtrG6Jq4gRCKP2xTLCMtI?authuser=0&hl=en&rclk=1,Roofing,30006
N/A,N/A,N/A,N/A,N/A,N/A,N/A,N/A,N/A,Roofing,30006
The Piedmont Roofing Co.,4.9,(37),Roofing contractor,N/A,·(470) 594-6452,Open⋅ Closes 8 PM,N/A,https://www.google.com/maps/place/The+Piedmont+Roofing+Co./data=!4m7!3m6!1s0x88f5113d25c2b171:0xd62e8cd02a50c6b1!8m2!3d33.8787682!4d-84.4563514!16s%2Fg%2F11fngz0l1r!19sChIJcbHCJT0R9YgRscZQKtCMLtY?authuser=0&hl=en&rclk=1,Roofing,30006
N/A,N/A,N/A,N/A,N/A,N/A,N/A,N/A,N/A,Roofing,30006
Atlanta Roofing Specialists,4.8,(236),Roofing contractor,N/A,·(770) 284-6885,Open⋅ Closes 5 PM,N/A,https://www.google.com/maps/place/Atlanta+Roofing+Specialists/data=!4m7!3m6!1s0x88f5168d26bc38e9:0xb38fa4007de0de4e!8m2!3d33.9227636!4d-84.5559067!16s%2Fg%2F1wh4gpwf!19sChIJ6Ti8Jo0W9YgRTt7gfQCkj7M?authuser=0&hl=en&rclk=1,Roofing,30006
N/A,N/A,N/A,N/A,N/A,N/A,N/A,N/A,N/A,Roofing,30006
Stellar Roofing and Solar,5.0,(63),Roofing contractor,N/A,·(470) 466-3958,Open⋅ Closes 8 PM,N/A,https://www.google.com/maps/place/Stellar+Roofing+and+Solar/data=!4m7!3m6!1s0x88f5115e5aa740fd:0x7453517dc24b0a2e!8m2!3d33.8904385!4d-84.4698483!16s%2Fg%2F11np0_2skx!19sChIJ_UCnWl4R9YgRLgpLwn1RU3Q?authuser=0&hl=en&rclk=1,Roofing,30006
N/A,N/A,N/A,N/A,N/A,N/A,N/A,N/A,N/A,Roofing,30006
Elite Roofing LLC,4.9,(142),Roofing contractor,N/A,·(833) 401-7663,Open⋅ Closes 5 PM,N/A,https://www.google.com/maps/place/Elite+Roofing+LLC/data=!4m7!3m6!1s0x88f5110dd3cba74b:0x8dd60fd64c3cae6a!8m2!3d33.902023!4d-84.459552!16s%2Fg%2F11t_pr5w7q!19sChIJS6fL0w0R9YgRaq48TNYP1o0?authuser=0&hl=en&rclk=1,Roofing,30006
N/A,N/A,N/A,N/A,N/A,N/A,N/A,N/A,N/A,Roofing,30006
"Quality Works Roofing, LLC",4.8,(46),Roofing contractor,N/A,·(404) 426-5277,Open 24 hours,N/A,"https://www.google.com/maps/place/Quality+Works+Roofing,+LLC/data=!4m7!3m6!1s0x88f505bde627f14d:0xc11a259cff200aec!8m2!3d33.8942556!4d-84.4736009!16s%2Fg%2F11ff5p89_s!19sChIJTfEn5r0F9YgR7Aog_5wlGsE?authuser=0&hl=en&rclk=1",Roofing,30006
N/A,N/A,N/A,N/A,N/A,N/A,N/A,N/A,N/A,Roofing,30006
ATL New ROOF,5.0,(1),Roofing contractor,N/A,N/A,Open 24 hours,N/A,https://www.google.com/maps/place/ATL+New+ROOF/data=!4m7!3m6!1s0xa04ad65930511ce7:0x3187b6db2b2d44fd!8m2!3d32.914147!4d-82.8233536!16s%2Fg%2F11wj4tpss0!19sChIJ5xxRMFnWSqAR_UQtK9u2hzE?authuser=0&hl=en&rclk=1,Roofing,30006
N/A,N/A,N/A,N/A,N/A,N/A,N/A,N/A,N/A,Roofing,30006
Precision Roofing of Georgia LLC,4.6,(10),Roofing contractor,N/A,·(404) 490-0962,Open 24 hours,N/A,https://www.google.com/maps/place/Precision+Roofing+of+Georgia+LLC/data=!4m7!3m6!1s0x88f51158bb87e949:0x464024e68051df1b!8m2!3d33.8886784!4d-84.4693563!16s%2Fg%2F11jx1dpdsg!19sChIJSemHu1gR9YgRG99RgOYkQEY?authuser=0&hl=en&rclk=1,Roofing,30006
N/A,N/A,N/A,N/A,N/A,N/A,N/A,N/A,N/A,Roofing,30006
"Roofer Near Me, LLC",5.0,(13),Roofing contractor,N/A,·(404) 660-7686,Open⋅ Closes 7 PM,N/A,"https://www.google.com/maps/place/Roofer+Near+Me,+LLC/data=!4m7!3m6!1s0x88f5118e5d51333f:0xa6e5dcd12b0f4d4c!8m2!3d33.9369459!4d-84.1098825!16s%2Fg%2F11rfdtwb5g!19sChIJPzNRXY4R9YgRTE0PK9Hc5aY?authuser=0&hl=en&rclk=1",Roofing,30006
N/A,N/A,N/A,N/A,N/A,N/A,N/A,N/A,N/A,Roofing,30006
N/A,N/A,N/A,N/A,N/A,N/A,N/A,N/A,N/A,Roofing,30007
N/A,N/A,N/A,N/A,N/A,N/A,N/A,N/A,N/A,Roofing,30007
King Roof Renovations,4.6,(203),Roofing contractor,·1165 Northchase Pkwy SE Suite 305,·(678) 644-5941,Open⋅ Closes 5 PM,N/A,https://www.google.com/maps/place/King+Roof+Renovations/data=!4m7!3m6!1s0x88f511d19c6722f5:0x82a5618980ce8884!8m2!3d33.9249757!4d-84.4805065!16s%2Fg%2F11f60ydhrg!19sChIJ9SJnnNER9YgRhIjOgIlhpYI?authuser=0&hl=en&rclk=1,Roofing,30007
N/A,N/A,N/A,N/A,N/A,N/A,N/A,N/A,N/A,Roofing,30007
Mr. Roofer of Marietta,4.9,(76),Roofing contractor,N/A,·(770) 983-6514,Open⋅ Closes 5 PM,N/A,https://www.google.com/maps/place/Mr.+Roofer+of+Marietta/data=!4m7!3m6!1s0x88f51107369dcd51:0xa4979849d94c573b!8m2!3d33.902012!4d-84.482423!16s%2Fg%2F1ptync6kv!19sChIJUc2dNgcR9YgRO1dM2UmYl6Q?authuser=0&hl=en&rclk=1,Roofing,30007
N/A,N/A,N/A,N/A,N/A,N/A,N/A,N/A,N/A,Roofing,30007
The Roof Gallery,4.6,(89),Roofing contractor,"·1395 South Marietta Pkwy SE Building 200, STE 203",·(770) 872-6543,Open⋅ Closes 6 PM,N/A,https://www.google.com/maps/place/The+Roof+Gallery/data=!4m7!3m6!1s0x2ecc98203a38354d:0x4ba4b1a8c5459a4f!8m2!3d33.9421687!4d-84.5135072!16s%2Fg%2F11pyyj8fyq!19sChIJTTU4OiCYzC4RT5pFxaixpEs?authuser=0&hl=en&rclk=1,Roofing,30007
N/A,N/A,N/A,N/A,N/A,N/A,N/A,N/A,N/A,Roofing,30007
Southern Roofing and Renovations,4.3,(22),Roofing contractor,N/A,·(678) 741-8927,Open⋅ Closes 5 PM,N/A,https://www.google.com/maps/place/Southern+Roofing+and+Renovations/data=!4m7!3m6!1s0x88f511eca9931bf7:0xbe190bc463aa5c68!8m2!3d33.9219935!4d-84.4869605!16s%2Fg%2F11pzfxpb8x!19sChIJ9xuTqewR9YgRaFyqY8QLGb4?authuser=0&hl=en&rclk=1,Roofing,30007
N/A,N/A,N/A,N/A,N/A,N/A,N/A,N/A,N/A,Roofing,30007
Roofing Done Wright,5.0,(447),Roofing contractor,N/A,·(678) 722-5050,Open⋅ Closes 6 PM,N/A,https://www.google.com/maps/place/Roofing+Done+Wright/data=!4m7!3m6!1s0x88f54d1b46191da3:0x17eb9d04af0c0db0!8m2!3d33.8907095!4d-84.469508!16s%2Fg%2F11j59_8v54!19sChIJox0ZRhtN9YgRsA0MrwSd6xc?authuser=0&hl=en&rclk=1,Roofing,30007
N/A,N/A,N/A,N/A,N/A,N/A,N/A,N/A,N/A,Roofing,30007
Clark Brothers Roofing,4.8,(25),Roofing contractor,N/A,·(470) 613-9333,Open 24 hours,N/A,https://www.google.com/maps/place/Clark+Brothers+Roofing/data=!4m7!3m6!1s0x88f51101f825cdb3:0xab3cecad02caa51e!8m2!3d33.9230252!4d-84.4699303!16s%2Fg%2F11vzqcx8_4!19sChIJs80l-AER9YgRHqXKAq3sPKs?authuser=0&hl=en&rclk=1,Roofing,30007
N/A,N/A,N/A,N/A,N/A,N/A,N/A,N/A,N/A,Roofing,30007
Atlanta Top Quality Roofing,5.0,(9),Roofing contractor,N/A,·(678) 349-4877,Open⋅ Closes 6 PM,N/A,https://www.google.com/maps/place/Atlanta+Top+Quality+Roofing/data=!4m7!3m6!1s0x88f51151186d94c9:0xe373c7b8499e1fa4!8m2!3d33.9218734!4d-84.4786414!16s%2Fg%2F11k9l32n04!19sChIJyZRtGFER9YgRpB-eSbjHc-M?authuser=0&hl=en&rclk=1,Roofing,30007
N/A,N/A,N/A,N/A,N/A,N/A,N/A,N/A,N/A,Roofing,30007
Ridgeview Roofing Renovations,5.0,(22),Roofing contractor,N/A,·(678) 805-5670,Open⋅ Closes 6 PM,N/A,https://www.google.com/maps/place/Ridgeview+Roofing+Renovations/data=!4m7!3m6!1s0x88f5a547d2a520fb:0xd5e9366c76278a16!8m2!3d33.913437!4d-84.4740708!16s%2Fg%2F11hdrp7x8g!19sChIJ-yCl0kel9YgRFoondmw26dU?authuser=0&hl=en&rclk=1,Roofing,30007
N/A,N/A,N/A,N/A,N/A,N/A,N/A,N/A,N/A,Roofing,30007
Home Best Roofing,5.0,(123),Roofing contractor,N/A,·(470) 637-4000,Open⋅ Closes 8 PM,N/A,https://www.google.com/maps/place/Home+Best+Roofing/data=!4m7!3m6!1s0x88f5112afcecd393:0xe92668955050a815!8m2!3d33.8782239!4d-84.4924469!16s%2Fg%2F11rfnxf0wr!19sChIJk9Ps_CoR9YgRFahQUJVoJuk?authuser=0&hl=en&rclk=1,Roofing,30007
N/A,N/A,N/A,N/A,N/A,N/A,N/A,N/A,N/A,Roofing,30007
Erie Home,4.6,(74),Roofing contractor,N/A,·(470) 338-5503,Open 24 hours,N/A,https://www.google.com/maps/place/Erie+Home/data=!4m7!3m6!1s0x88f4e391a81e6e61:0x3e622bc638965ebc!8m2!3d33.9129467!4d-84.4904364!16s%2Fg%2F11rqlq_wfc!19sChIJYW4eqJHj9IgRvF6WOMYrYj4?authuser=0&hl=en&rclk=1,Roofing,30007
N/A,N/A,N/A,N/A,N/A,N/A,N/A,N/A,N/A,Roofing,30007
Marietta Roofing Company,4.7,(31),Roofing contractor,N/A,·(678) 427-1628,Open⋅ Closes 5 PM,N/A,https://www.google.com/maps/place/Marietta+Roofing+Company/data=!4m7!3m6!1s0x88f5165988fe7e25:0xb3f8dcc8149532f!8m2!3d33.8652774!4d-84.669935!16s%2Fg%2F11ckwypmj3!19sChIJJX7-iFkW9YgRL1NJgcyNPws?authuser=0&hl=en&rclk=1,Roofing,30007
N/A,N/A,N/A,N/A,N/A,N/A,N/A,N/A,N/A,Roofing,30007
The Roof Museum,5.0,(190),Roofing contractor,·1395 South Marietta Pkwy SE Bldg 200 Suite 203,·(844) 902-7663,Open⋅ Closes 4 PM,N/A,https://www.google.com/maps/place/The+Roof+Museum/data=!4m7!3m6!1s0x88f5112b46181f81:0x678de614bde2c5cf!8m2!3d33.9421581!4d-84.513507!16s%2Fg%2F11kbyhgd88!19sChIJgR8YRisR9YgRz8XivRTmjWc?authuser=0&hl=en&rclk=1,Roofing,30007
N/A,N/A,N/A,N/A,N/A,N/A,N/A,N/A,N/A,Roofing,30007
The New Roof,5.0,(74),Roofing contractor,N/A,·(470) 444-1018,Open 24 hours,N/A,https://www.google.com/maps/place/The+New+Roof/data=!4m7!3m6!1s0x21a0fdd8f1307a4b:0xd13d6e3ff5ce2230!8m2!3d33.8907095!4d-84.469508!16s%2Fg%2F11rv0n_0nk!19sChIJS3ow8dj9oCERMCLO9T9uPdE?authuser=0&hl=en&rclk=1,Roofing,30007
N/A,N/A,N/A,N/A,N/A,N/A,N/A,N/A,N/A,Roofing,30007
Roofs Up Georgia,5.0,(16),Roofing contractor,N/A,·(678) 373-8257,Open 24 hours,N/A,https://www.google.com/maps/place/Roofs+Up+Georgia/data=!4m7!3m6!1s0x4eb0142a8d783643:0x13db94b6eeff166a!8m2!3d33.8723095!4d-84.4256205!16s%2Fg%2F11s8g4v2g3!19sChIJQzZ4jSoUsE4Rahb_7raU2xM?authuser=0&hl=en&rclk=1,Roofing,30007
N/A,N/A,N/A,N/A,N/A,N/A,N/A,N/A,N/A,Roofing,30007
Aegis Roofing & Gutter In Marietta,5.0,(121),Roofing contractor,N/A,·(470) 357-3340,Open⋅ Closes 6 PM,N/A,https://www.google.com/maps/place/Aegis+Roofing+%26+Gutter+In+Marietta/data=!4m7!3m6!1s0x88f5110d322a8bf3:0x697a412d80768238!8m2!3d33.9359767!4d-84.4883542!16s%2Fg%2F11mgqgl9k0!19sChIJ84sqMg0R9YgROIJ2gC1Bemk?authuser=0&hl=en&rclk=1,Roofing,30007
N/A,N/A,N/A,N/A,N/A,N/A,N/A,N/A,N/A,Roofing,30007
Champion Contracting Roofing,4.8,(17),Roofing contractor,N/A,·(678) 404-0889,Open⋅ Closes 6 PM,N/A,https://www.google.com/maps/place/Champion+Contracting+Roofing/data=!4m7!3m6!1s0x88ab896eaced65af:0xd232c232c5f6a308!8m2!3d33.9239357!4d-84.4728!16s%2Fg%2F11vj1grd3p!19sChIJr2XtrG6Jq4gRCKP2xTLCMtI?authuser=0&hl=en&rclk=1,Roofing,30007
N/A,N/A,N/A,N/A,N/A,N/A,N/A,N/A,N/A,Roofing,30007
The Piedmont Roofing Co.,4.9,(37),Roofing contractor,N/A,·(470) 594-6452,Open⋅ Closes 8 PM,N/A,https://www.google.com/maps/place/The+Piedmont+Roofing+Co./data=!4m7!3m6!1s0x88f5113d25c2b171:0xd62e8cd02a50c6b1!8m2!3d33.8787682!4d-84.4563514!16s%2Fg%2F11fngz0l1r!19sChIJcbHCJT0R9YgRscZQKtCMLtY?authuser=0&hl=en&rclk=1,Roofing,30007
N/A,N/A,N/A,N/A,N/A,N/A,N/A,N/A,N/A,Roofing,30007
Atlanta Roofing Specialists,4.8,(236),Roofing contractor,N/A,·(770) 284-6885,Open⋅ Closes 5 PM,N/A,https://www.google.com/maps/place/Atlanta+Roofing+Specialists/data=!4m7!3m6!1s0x88f5168d26bc38e9:0xb38fa4007de0de4e!8m2!3d33.9227636!4d-84.5559067!16s%2Fg%2F1wh4gpwf!19sChIJ6Ti8Jo0W9YgRTt7gfQCkj7M?authuser=0&hl=en&rclk=1,Roofing,30007
N/A,N/A,N/A,N/A,N/A,N/A,N/A,N/A,N/A,Roofing,30007
Stellar Roofing and Solar,5.0,(63),Roofing contractor,N/A,·(470) 466-3958,Open⋅ Closes 8 PM,N/A,https://www.google.com/maps/place/Stellar+Roofing+and+Solar/data=!4m7!3m6!1s0x88f5115e5aa740fd:0x7453517dc24b0a2e!8m2!3d33.8904385!4d-84.4698483!16s%2Fg%2F11np0_2skx!19sChIJ_UCnWl4R9YgRLgpLwn1RU3Q?authuser=0&hl=en&rclk=1,Roofing,30007
N/A,N/A,N/A,N/A,N/A,N/A,N/A,N/A,N/A,Roofing,30007
Elite Roofing LLC,4.9,(142),Roofing contractor,N/A,·(833) 401-7663,Open⋅ Closes 5 PM,N/A,https://www.google.com/maps/place/Elite+Roofing+LLC/data=!4m7!3m6!1s0x88f5110dd3cba74b:0x8dd60fd64c3cae6a!8m2!3d33.902023!4d-84.459552!16s%2Fg%2F11t_pr5w7q!19sChIJS6fL0w0R9YgRaq48TNYP1o0?authuser=0&hl=en&rclk=1,Roofing,30007
N/A,N/A,N/A,N/A,N/A,N/A,N/A,N/A,N/A,Roofing,30007
"Quality Works Roofing, LLC",4.8,(46),Roofing contractor,N/A,·(404) 426-5277,Open 24 hours,N/A,"https://www.google.com/maps/place/Quality+Works+Roofing,+LLC/data=!4m7!3m6!1s0x88f505bde627f14d:0xc11a259cff200aec!8m2!3d33.8942556!4d-84.4736009!16s%2Fg%2F11ff5p89_s!19sChIJTfEn5r0F9YgR7Aog_5wlGsE?authuser=0&hl=en&rclk=1",Roofing,30007
N/A,N/A,N/A,N/A,N/A,N/A,N/A,N/A,N/A,Roofing,30007
ATL New ROOF,5.0,(1),Roofing contractor,N/A,N/A,Open 24 hours,N/A,https://www.google.com/maps/place/ATL+New+ROOF/data=!4m7!3m6!1s0xa04ad65930511ce7:0x3187b6db2b2d44fd!8m2!3d32.914147!4d-82.8233536!16s%2Fg%2F11wj4tpss0!19sChIJ5xxRMFnWSqAR_UQtK9u2hzE?authuser=0&hl=en&rclk=1,Roofing,30007
N/A,N/A,N/A,N/A,N/A,N/A,N/A,N/A,N/A,Roofing,30007
Precision Roofing of Georgia LLC,4.6,(10),Roofing contractor,N/A,·(404) 490-0962,Open 24 hours,N/A,https://www.google.com/maps/place/Precision+Roofing+of+Georgia+LLC/data=!4m7!3m6!1s0x88f51158bb87e949:0x464024e68051df1b!8m2!3d33.8886784!4d-84.4693563!16s%2Fg%2F11jx1dpdsg!19sChIJSemHu1gR9YgRG99RgOYkQEY?authuser=0&hl=en&rclk=1,Roofing,30007
N/A,N/A,N/A,N/A,N/A,N/A,N/A,N/A,N/A,Roofing,30007
"Roofer Near Me, LLC",5.0,(13),Roofing contractor,N/A,·(404) 660-7686,Open⋅ Closes 7 PM,N/A,"https://www.google.com/maps/place/Roofer+Near+Me,+LLC/data=!4m7!3m6!1s0x88f5118e5d51333f:0xa6e5dcd12b0f4d4c!8m2!3d33.9369459!4d-84.1098825!16s%2Fg%2F11rfdtwb5g!19sChIJPzNRXY4R9YgRTE0PK9Hc5aY?authuser=0&hl=en&rclk=1",Roofing,30007
N/A,N/A,N/A,N/A,N/A,N/A,N/A,N/A,N/A,Roofing,30007
